source_id,2013-05-14,2013-05-15,2013-05-16,2013-05-17,2013-05-18,2013-05-19,2013-05-20,2013-05-21,2013-05-22,2013-05-23,2013-05-24,2013-05-25,2013-05-26,2013-05-27,2013-05-28,2013-05-29,2013-05-30,2013-05-31,2013-06-01,2013-06-02,2013-06-03,2013-06-04,2013-06-05,2013-06-06,2013-06-07,2013-06-08,2013-06-09,2013-06-10,2013-06-11,2013-06-12,2013-06-13,2013-06-14,2013-06-15,2013-06-16,2013-06-17,2013-06-18,2013-06-19,2013-06-20,2013-06-21,2013-06-22,2013-06-23,2013-06-24,2013-06-25,2013-06-26,2013-06-27,2013-06-28,2013-06-29,2013-06-30,2013-07-01,2013-07-02,2013-07-03,2013-07-04,2013-07-05,2013-07-06,2013-07-07,2013-07-08,2013-07-09,2013-07-10,2013-07-11,2013-07-12,2013-07-13,2013-07-14,2013-07-15,2013-07-16,2013-07-17,2013-07-18,2013-07-19,2013-07-20,2013-07-21,2013-07-22,2013-07-23,2013-07-24,2013-07-25,2013-07-26,2013-07-27,2013-07-28,2013-07-29,2013-07-30,2013-07-31,2013-08-01,2013-08-02,2013-08-03,2013-08-04,2013-08-05,2013-08-06,2013-08-07,2013-08-08,2013-08-09,2013-08-10,2013-08-11,2013-08-12,2013-08-13,2013-08-14,2013-08-15,2013-08-16,2013-08-17,2013-08-18,2013-08-19,2013-08-20,2013-08-21,2013-08-22,2013-08-23,2013-08-24,2013-08-25,2013-08-26,2013-08-27,2013-08-28,2013-08-29,2013-08-30,2013-08-31,2013-09-01,2013-09-02,2013-09-03,2013-09-04,2013-09-05,2013-09-06,2013-09-07,2013-09-08,2013-09-09,2013-09-10,2013-09-11,2013-09-12,2013-09-13,2013-09-14,2013-09-15,2013-09-16,2013-09-17,2013-09-18,2013-09-19,2013-09-20,2013-09-21,2013-09-22,2013-09-23,2013-09-24,2013-09-25,2013-09-26,2013-09-27,2013-09-28,2013-09-29,2013-09-30,2013-10-01,2013-10-02,2013-10-03,2013-10-04,2013-10-05,2013-10-06,2013-10-07,2013-10-08,2013-10-09,2013-10-10,2013-10-11,2013-10-12,2013-10-13,2013-10-14,2013-10-15,2013-10-16,2013-10-17,2013-10-18,2013-10-19,2013-10-20,2013-10-21,2013-10-22,2013-10-23,2013-10-24,2013-10-25,2013-10-26,2013-10-27,2013-10-28,2013-10-29,2013-10-30,2013-10-31,2013-11-01,2013-11-02,2013-11-03,2013-11-04,2013-11-05,2013-11-06,2013-11-07,2013-11-08,2013-11-09,2013-11-10,2013-11-11,2013-11-12,2013-11-13,2013-11-14,2013-11-15,2013-11-16,2013-11-17,2013-11-18,2013-11-19,2013-11-20,2013-11-21,2013-11-22,2013-11-23,2013-11-24,2013-11-25,2013-11-26,2013-11-27,2013-11-28,2013-11-29,2013-11-30,2013-12-01,2013-12-02,2013-12-03,2013-12-04,2013-12-05,2013-12-06,2013-12-07,2013-12-08,2013-12-09,2013-12-10,2013-12-11,2013-12-12,2013-12-13,2013-12-14,2013-12-15,2013-12-16,2013-12-17,2013-12-18,2013-12-19,2013-12-20,2013-12-21,2013-12-22,2013-12-23,2013-12-24,2013-12-25,2013-12-26,2013-12-27,2013-12-28,2013-12-29,2013-12-30,2013-12-31,2014-01-01,2014-01-02,2014-01-03,2014-01-04,2014-01-05,2014-01-06,2014-01-07,2014-01-08,2014-01-09,2014-01-10,2014-01-11,2014-01-12,2014-01-13,2014-01-14,2014-01-15,2014-01-16,2014-01-17,2014-01-18,2014-01-19,2014-01-20,2014-01-21,2014-01-22,2014-01-23,2014-01-24,2014-01-25,2014-01-26,2014-01-27,2014-01-28,2014-01-29,2014-01-30,2014-01-31,2014-02-01,2014-02-02,2014-02-03,2014-02-04,2014-02-05,2014-02-06,2014-02-07,2014-02-08,2014-02-09,2014-02-10,2014-02-11,2014-02-12,2014-02-13,2014-02-14,2014-02-15,2014-02-16,2014-02-17,2014-02-18,2014-02-19,2014-02-20,2014-02-21,2014-02-22,2014-02-23,2014-02-24,2014-02-25,2014-02-26,2014-02-27,2014-02-28,2014-03-01,2014-03-02,2014-03-03,2014-03-04,2014-03-05,2014-03-06,2014-03-07,2014-03-08,2014-03-09,2014-03-10,2014-03-11,2014-03-12,2014-03-13,2014-03-14,2014-03-15,2014-03-16,2014-03-17,2014-03-18,2014-03-19,2014-03-20,2014-03-21,2014-03-22,2014-03-23,2014-03-24,2014-03-25,2014-03-26,2014-03-27,2014-03-28,2014-03-29,2014-03-30,2014-03-31,2014-04-01,2014-04-02,2014-04-03,2014-04-04,2014-04-05,2014-04-06,2014-04-07,2014-04-08,2014-04-09,2014-04-10,2014-04-11,2014-04-12,2014-04-13,2014-04-14,2014-04-15,2014-04-16,2014-04-17,2014-04-18,2014-04-19,2014-04-20,2014-04-21,2014-04-22,2014-04-23,2014-04-24,2014-04-25,2014-04-27,2014-04-28,2014-04-29,2014-04-30,2014-05-01,2014-05-02,2014-05-03,2014-05-04,2014-05-05,2014-05-06,2014-05-07,2014-05-08,2014-05-09,2014-05-10,2014-05-11,2014-05-12,2014-05-13,2014-05-14,2014-05-15,2014-05-16,2014-05-17,2014-05-18,2014-05-19,2014-05-20,2014-05-21,2014-05-22,2014-05-23,2014-05-24,2014-05-25,2014-05-26,2014-05-28,2014-05-29,2014-05-30,2014-05-31,2014-06-01,2014-06-02,2014-06-03,2014-06-04,2014-06-05,2014-06-06,2014-06-07,2014-06-08,2014-06-09,2014-06-10,2014-06-11,2014-06-12,2014-06-13,2014-06-14,2014-06-15,2014-06-16,2014-06-17,2014-06-18,2014-06-19,2014-06-20,2014-06-21,2014-06-22,2014-06-23,2014-06-24,2014-06-25,2014-06-26,2014-06-27,2014-06-28,2014-06-29,2014-06-30,2014-07-01,2014-07-02,2014-07-03,2014-07-04,2014-07-05,2014-07-06,2014-07-07,2014-07-08,2014-07-09,2014-07-10,2014-07-11,2014-07-12,2014-07-13,2014-07-14,2014-07-15,2014-07-16,2014-07-17,2014-07-18,2014-07-19,2014-07-20,2014-07-21,2014-07-22,2014-07-23,2014-07-24,2014-07-25,2014-07-26,2014-07-27,2014-07-28,2014-07-29,2014-07-30,2014-08-01,2014-08-02,2014-08-03,2014-08-04,2014-08-05,2014-08-06,2014-08-07,2014-08-08,2014-08-09,2014-08-10,2014-08-11,2014-08-12,2014-08-13,2014-08-14,2014-08-15,2014-08-16,2014-08-17,2014-08-18,2014-08-19,2014-08-20,2014-08-21,2014-08-22,2014-08-23,2014-08-24,2014-08-25,2014-08-26,2014-08-27,2014-08-28,2014-08-29,2014-08-30,2014-08-31,2014-09-01,2014-09-02,2014-09-03,2014-09-04,2014-09-05,2014-09-06,2014-09-07,2014-09-08,2014-09-09,2014-09-10,2014-09-11,2014-09-12,2014-09-13,2014-09-14,2014-09-15,2014-09-16,2014-09-17,2014-09-18,2014-09-19,2014-09-20,2014-09-21,2014-09-22,2014-09-23,2014-09-24,2014-09-25,2014-09-26,2014-09-27,2014-09-28,2014-09-29,2014-09-30,2014-10-01,2014-10-02,2014-10-03,2014-10-04,2014-10-05,2014-10-06,2014-10-07,2014-10-08,2014-10-09,2014-10-10,2014-10-11,2014-10-12,2014-10-13,2014-10-14,2014-10-15,2014-10-16,2014-10-17,2014-10-18,2014-10-19,2014-10-20,2014-10-21,2014-10-22,2014-10-23,2014-10-24,2014-10-25,2014-10-26,2014-10-27,2014-10-28,2014-10-29,2014-10-30,2014-10-31,2014-11-01,2014-11-02,2014-11-03,2014-11-04,2014-11-05,2014-11-06,2014-11-07,2014-11-08,2014-11-09,2014-11-10,2014-11-11,2014-11-12,2014-11-13,2014-11-14,2014-11-15,2014-11-16,2014-11-17,2014-11-18,2014-11-19,2014-11-20,2014-11-21,2014-11-22,2014-11-23,2014-11-24,2014-11-25,2014-11-26,2014-11-27,2014-11-28,2014-11-29,2014-11-30,2014-12-01,2014-12-02,2014-12-03,2014-12-04,2014-12-05,2014-12-06,2014-12-07,2014-12-08,2014-12-09,2014-12-10,2014-12-11,2014-12-12,2014-12-13,2014-12-14,2014-12-15,2014-12-16,2014-12-17,2014-12-18,2014-12-19,2014-12-20,2014-12-21,2014-12-22,2014-12-23,2014-12-24,2014-12-25,2014-12-26,2014-12-27,2014-12-28,2014-12-29,2014-12-30,2014-12-31,2015-01-01,2015-01-02,2015-01-03,2015-01-04,2015-01-05,2015-01-06,2015-01-07,2015-01-08,2015-01-10,2015-01-11,2015-01-12,2015-01-13,2015-01-14,2015-01-15,2015-01-16,2015-01-17,2015-01-18,2015-01-20,2015-01-21,2015-01-22,2015-01-23,2015-01-24,2015-01-25,2015-01-26,2015-01-27,2015-01-28,2015-01-29,2015-01-30,2015-01-31,2015-02-01,2015-02-02,2015-02-03,2015-02-04,2015-02-05,2015-02-06,2015-02-11,2015-02-12,2015-02-13,2015-02-14,2015-02-15,2015-02-16,2015-02-17,2015-02-18,2015-02-19,2015-02-20,2015-02-21,2015-02-22,2015-02-23,2015-02-24,2015-02-25,2015-02-26,2015-02-27,2015-02-28,2015-03-01,2015-03-02,2015-03-03,2015-03-04,2015-03-05,2015-03-06,2015-03-07,2015-03-08,2015-03-09,2015-03-10,2015-03-11,2015-03-12,2015-03-13,2015-03-14,2015-03-15,2015-03-16,2015-03-17,2015-03-18,2015-03-19,2015-03-20,2015-03-21,2015-03-22,2015-03-23,2015-03-24,2015-03-25,2015-03-26,2015-03-27,2015-03-28,2015-03-29,2015-03-30,2015-03-31,2015-04-01,2015-04-02,2015-04-03,2015-04-04,2015-04-05,2015-04-06,2015-04-07,2015-04-08,2015-04-13,2015-04-16,2015-04-17,2015-04-18,2015-04-19,2015-04-20,2015-04-21,2015-04-23,2015-04-24,2015-04-25,2015-04-26,2015-04-27,2015-04-28,2015-04-29,2015-04-30,2015-05-04,2015-05-05,2015-05-06,2015-05-07,2015-05-11,2015-05-18,2015-05-19,2015-05-20,2015-05-21,2015-05-22,2015-05-23,2015-05-24,2015-05-25,2015-05-26,2015-05-27,2015-05-28,2015-05-29,2015-05-30,2015-05-31,2015-06-03,2015-06-04,2015-06-05,2015-06-06,2015-06-07,2015-06-08,2015-06-09,2015-06-10,2015-06-11,2015-06-12,2015-06-13,2015-06-14,2015-06-15,2015-06-16,2015-06-17,2015-06-18,2015-06-19,2015-06-20,2015-06-21,2015-06-22,2015-06-23,2015-06-24,2015-06-25,2015-06-26,2015-06-27,2015-06-29,2015-06-30,2015-07-01,2015-07-02,2015-07-03,2015-07-04,2015-07-05,2015-07-06,2015-07-07,2015-07-08,2015-07-09,2015-07-10,2015-07-11,2015-07-12,2015-07-13,2015-07-14,2015-07-15,2015-07-16,2015-07-17,2015-07-18,2015-07-19,2015-07-20,2015-07-21,2015-07-22,2015-07-23,2015-07-24,2015-07-25,2015-07-26,2015-07-27,2015-07-28,2015-07-29,2015-07-30,2015-07-31,2015-08-01,2015-08-02,2015-08-03,2015-08-04,2015-08-05,2015-08-06,2015-08-08,2015-08-09,2015-08-10,2015-08-11,2015-08-12,2015-08-13,2015-08-14,2015-08-15,2015-08-16,2015-08-17,2015-08-18,2015-08-19,2015-08-20,2015-08-21,2015-08-22,2015-08-23,2015-08-24,2015-08-25,2015-08-26,2015-08-27,2015-08-28,2015-08-29,2015-08-30,2015-08-31,2015-09-01,2015-09-02,2015-09-03,2015-09-04,2015-09-05,2015-09-06,2015-09-07,2015-09-08,2015-09-09,2015-09-10,2015-09-11,2015-09-13,2015-09-14,2015-09-15,2015-09-16,2015-09-17,2015-09-18,2015-09-19,2015-09-20,2015-09-21,2015-09-22,2015-09-23,2015-09-24,2015-09-25,2015-09-26,2015-09-27,2015-09-28,2015-09-29,2015-09-30,2015-10-01,2015-10-02,2015-10-03,2015-10-04,2015-10-05,2015-10-06,2015-10-07,2015-10-08,2015-10-09,2015-10-10,2015-10-11,2015-10-12,2015-10-13,2015-10-14,2015-10-15,2015-10-16,2015-10-17,2015-10-18,2015-10-19,2015-10-20,2015-10-21,2015-10-22,2015-10-23,2015-10-24,2015-10-25,2015-10-26,2015-10-27,2015-10-28,2015-10-29,2015-10-30,2015-10-31,2015-11-01,2015-11-02,2015-11-03,2015-11-04,2015-11-05,2015-11-06,2015-11-07,2015-11-08,2015-11-09,2015-11-10,2015-11-11,2015-11-12,2015-11-13,2015-11-14,2015-11-15,2015-11-16,2015-11-17,2015-11-18,2015-11-19,2015-11-20,2015-11-21,2015-11-22,2015-11-23,2015-11-24,2015-11-25,2015-11-26,2015-11-27,2015-11-28,2015-11-29,2015-11-30,2015-12-01,2015-12-02,2015-12-03,2015-12-04,2015-12-05,2015-12-06,2015-12-07,2015-12-08,2015-12-09,2015-12-10,2015-12-11,2015-12-12,2015-12-13,2015-12-14,2015-12-15,2015-12-16,2015-12-17,2015-12-18,2015-12-19,2015-12-20,2015-12-21,2015-12-22,2015-12-23,2015-12-24,2015-12-25,2015-12-26,2015-12-27,2015-12-28,2015-12-29,2015-12-30,2015-12-31,2016-01-01,2016-01-02,2016-01-03,2016-01-04,2016-01-05,2016-01-06,2016-01-07,2016-01-08,2016-01-09,2016-01-10,2016-01-11,2016-01-12,2016-01-13,2016-01-14,2016-01-15,2016-01-16,2016-01-17,2016-01-18,2016-01-19,2016-01-20,2016-01-21,2016-01-22,2016-01-23,2016-01-24,2016-01-25,2016-01-26,2016-01-27,2016-01-28,2016-01-29,2016-01-30,2016-01-31,2016-02-01,2016-02-02,2016-02-03,2016-02-04,2016-02-05,2016-02-06,2016-02-07,2016-02-08,2016-02-09,2016-02-10,2016-02-11,2016-02-12,2016-02-13,2016-02-14,2016-02-15,2016-02-16,2016-02-17,2016-02-18,2016-02-19,2016-02-20,2016-02-21,2016-02-22,2016-02-23,2016-02-24,2016-02-25,2016-02-26,2016-02-27,2016-02-28,2016-02-29,2016-03-01,2016-03-02,2016-03-03,2016-03-04,2016-03-05,2016-03-06,2016-03-07,2016-03-08,2016-03-09,2016-03-10,2016-03-11,2016-03-12,2016-03-13,2016-03-14,2016-03-15,2016-03-16,2016-03-17,2016-03-18,2016-03-19,2016-03-20,2016-03-21,2016-03-22,2016-03-23,2016-03-24,2016-03-25,2016-03-26,2016-03-27,2016-03-28,2016-03-29,2016-03-30,2016-03-31,2016-04-01,2016-04-02,2016-04-03,2016-04-04,2016-04-05,2016-04-06,2016-04-07,2016-04-08,2016-04-09,2016-04-10,2016-04-11,2016-04-12,2016-04-13,2016-04-14,2016-04-15,2016-04-16,2016-04-17,2016-04-18,2016-04-19,2016-04-20,2016-04-21,2016-04-22,2016-04-23,2016-04-24,2016-04-25,2016-04-26,2016-04-27,2016-04-28,2016-04-29,2016-04-30,2016-05-01,2016-05-02,2016-05-03,2016-05-04,2016-05-05,2016-05-06,2016-05-07,2016-05-08,2016-05-09,2016-05-10,2016-05-11,2016-05-12,2016-05-13,2016-05-14,2016-05-15,2016-05-16,2016-05-17,2016-05-18,2016-05-19,2016-05-20,2016-05-21,2016-05-22,2016-05-23,2016-05-24,2016-05-25,2016-05-26,2016-05-27,2016-05-28,2016-05-29,2016-05-30,2016-05-31,2016-06-01,2016-06-02,2016-06-03,2016-06-04,2016-06-05,2016-06-06,2016-06-07,2016-06-08,2016-06-09,2016-06-10,2016-06-11,2016-06-12,2016-06-13,2016-06-14,2016-06-15,2016-06-16,2016-06-17,2016-06-18,2016-06-19,2016-06-20,2016-06-21,2016-06-22,2016-06-23,2016-06-24,2016-06-25,2016-06-26,2016-06-27,2016-06-28,2016-06-29,2016-06-30,2016-07-01,2016-07-02,2016-07-03,2016-07-04,2016-07-05,2016-07-06,2016-07-07,2016-07-08,2016-07-09,2016-07-10,2016-07-11,2016-07-12,2016-07-13,2016-07-14,2016-07-16,2016-07-17,2016-07-18,2016-07-19,2016-07-20,2016-07-21,2016-07-23,2016-07-24,2016-07-25,2016-07-26,2016-07-27,2016-07-28,2016-07-29,2016-07-30,2016-07-31,2016-08-01,2016-08-02,2016-08-03,2016-08-04,2016-08-05,source_id
views,2921,5848,2527,1424,635,613,684,509,336,332,265,113,130,179,233,526,261,146,117,93,140,70,97,104,70,31,43,42,42,65,40,26,34,40,38,42,31,37,41,31,38,28,29,51,33,56,31,37,50,42,66,67,24,29,36,139,30,64,26,58,28,9,41,34,40,24,34,18,25,40,17,42,30,30,25,15,22,32,29,32,15,57,10,27,20,34,21,23,28,13,27,29,39,26,117,112,23,27,16,15,27,42,29,23,14,53,39,22,17,32,11,18,19,20,25,28,38,26,25,73,55,28,32,24,22,33,24,88,36,23,29,17,14,24,42,34,36,18,18,36,19,20,26,10,19,31,50,29,28,41,69,32,48,27,26,27,19,21,18,23,16,22,33,22,25,9,15,19,86,18,9,29,30,12,16,16,17,19,7,19,8,10,19,17,20,26,16,35,17,39,29,24,35,19,24,23,39,11,8,10,34,25,19,19,14,16,14,12,21,18,27,15,19,31,14,13,27,22,17,6,20,20,12,16,9,15,23,18,25,7,8,12,8,46,46,51,17,10,19,42,25,27,35,8,23,20,20,17,14,19,26,14,6,16,16,21,44,14,20,31,17,17,19,7,21,15,18,8,15,25,8,23,15,12,12,13,11,38,12,10,20,6,19,13,7,12,20,28,10,15,9,14,23,7,5,9,18,19,11,20,17,15,26,12,12,12,20,10,14,11,9,13,12,11,30,14,10,13,8,12,16,19,10,13,7,7,7,4,11,12,14,10,7,28,22,12,10,16,17,10,9,3,11,22,15,18,12,12,25,24,18,15,4,5,15,11,10,9,8,10,9,1,8,14,15,41,5,8,5,5,13,8,11,12,14,3,8,10,25,46,9,8,17,15,22,13,22,23,49,20,9,21,14,7,11,11,12,9,11,28,17,12,28,26,10,5,22,11,1,5,5,17,3,17,10,10,4,7,9,8,4,10,16,17,15,31,20,5,20,23,14,8,15,6,17,11,6,12,7,11,5,13,9,5,15,7,10,11,7,4,16,12,12,8,11,5,10,14,34,32,11,11,12,12,51,21,30,12,24,15,6,12,12,16,17,24,10,13,7,24,9,16,17,7,8,15,16,18,23,36,18,30,21,20,23,25,29,8,14,12,19,25,18,12,19,6,7,14,12,13,83,18,15,7,31,25,32,24,7,13,17,22,17,51,27,15,8,34,33,32,60,18,13,10,32,6,17,15,15,18,4,24,46,25,50,65,61,30,50,111,78,32,41,19,24,11,14,14,2,19,7,19,37,8,30,12,9,15,8,10,9,11,18,12,7,9,9,7,10,13,7,11,5,9,16,12,9,11,7,20,16,13,13,9,11,10,16,14,5,12,5,16,10,13,18,13,14,20,17,17,13,4,22,18,10,23,5,9,17,9,17,16,10,24,5,14,10,20,7,17,11,6,14,11,11,27,43,21,14,9,8,22,19,8,9,6,12,16,16,35,20,12,28,11,14,12,22,46,21,10,14,8,22,25,24,16,22,25,14,46,37,40,21,37,17,9,14,22,8,21,12,15,10,11,10,9,15,,5,13,12,1,2,15,9,19,1,12,9,7,8,12,17,46,2,11,12,10,10,7,39,23,15,15,24,30,12,10,7,8,6,11,7,7,7,4,13,15,21,20,10,7,20,5,7,8,8,6,8,16,6,6,9,12,9,9,9,5,11,7,15,11,2,10,7,8,13,6,9,11,16,13,11,16,18,7,9,12,6,2,5,6,11,8,11,12,15,7,6,11,8,8,8,8,6,6,7,8,14,19,12,4,3,6,6,6,13,17,6,14,7,25,7,9,12,11,10,11,3,10,13,10,4,10,7,10,25,47,20,22,8,16,29,42,16,12,36,25,22,31,30,9,7,6,21,20,23,11,14,7,11,22,23,17,9,16,8,7,36,18,21,44,31,9,81,11,14,9,154,263,170,167,192,118,59,56,41,52,37,22,18,23,58,57,17,13,24,12,19,13,7,12,9,16,19,13,18,25,15,29,11,22,4,14,12,13,19,15,27,7,14,8,4,25,6,8,16,10,13,6,4,14,20,18,15,16,2,4,9,10,5,3,4,10,6,4,24,10,14,13,1,9,4,17,7,13,6,7,13,27,27,13,7,15,3,11,10,21,18,5,15,8,4,16,20,10,8,23,7,16,43,45,57,18,22,14,13,7,14,20,9,12,5,25,24,25,9,14,15,27,24,17,10,39,21,10,31,38,8,16,5,16,13,4,18,23,38,16,20,14,7,14,23,16,12,16,10,12,20,26,19,17,13,14,23,12,12,9,8,12,12,6,11,19,6,12,11,11,6,9,18,3,24,14,5,6,5,15,10,11,9,14,10,18,5,6,9,6,6,14,9,19,1,6,17,10,7,2,14,15,15,10,8,8,30,22,19,10,8,8,6,8,3,6,14,12,9,9,7,17,13,16,9,9,8,17,12,6,11,13,8,4,2,8,13,11,13,1,9,9,13,5,12,12,9,12,37,62,23,11,9,8,6,14,9,8,4,1,5,9,13,26,26,8,8,4,15,13,18,15,6,2,3,7,7,3,10,8,9,5,9,6,10,17,3,views
reddit,,1,,,,,,,,,,,,,,,,,,,,,,,,,,,,,,,,,,,,,,,,,,,,,,,,,,,,,,,,,,,,,,,,,,,,,,,,,,,,,,,,,,,,,,,,,,,,,,,,,,,,,,,,,,,,,,,,,,,,,,,,,,,,,,,,,,,,,,,,,,,,,,,,,,,,,,,,,,,,,,,,,,,,,,,,,,,,,,,,,,,,,,,,,,,,,,,,,,,,,,,,,,,,,,,,,,,,,,,,,,,,,,,,,,,,,,,,,,,,,,,,,,,,,,,,,,,,,,,,,,,,,,,,,,,,,,,,,,,,,,,,,,,,,,,,,,,,,,,,,,,,,,,,,,,,,,,,,,,,,,,,,,,,,,,,,,,,,,,,,,,,,,,,,,,,,,,,,,,,,,,,,,,,,,,,,,,,,,,,,,,,,,,,,,,,,,,,,,,,,,,,,,,,,,,,,,,,,,,,,,,,,,,,,,,,,,,,,,,,,,,,,,,,,,,,,,,,,,,,,,,,,,,,,,,,,,,,,,,,,,,,,,,,,,,,,,,,,,,,,,,,,,,,,,,,,,,,,,,,,,,,,,,,,,,,,,,,,,,,,,,,,,,,,,,,,,,,,,,,,,,,,,,,,,,,,,,,,,,,,,,,,,,,,,,,,,,,,,,,,,,,,,,,,,,,,,,,,,,,,,,,,,,,,,,,,,,,,,,,,,,,,,,,,,,,,,,,,,,,,,,,,,,,,,,,,,,,,,,,,,,,,,,,,,,,,,,,,,,,,,,,,,,,,,,,,,,,,,,,,,,,,,,,,,,,,,,,,,,,,,,,,,,,,,,,,,,,,,,,,,,,,,,,,,,,,,,,,,,,,,,,,,,,,,,,,,,,,,,,,,,,,,,,,,,,,,,,,,,,,,,,,,,,,,,,,,,,,,,,,,,,,,,,,,,,,,,,,,,,,,,,,,,,,,,,,,,,,,,,,,,,,,,,,,,,,,,,,,,,,,,,,,,,,,,,,,,,,,,,,,,,,,,,,,,,,,,,,,,,,,,,,,,,,,,,,,,,,,,,,,,,,,,,,,,,,,,,,,,,,,,,,,,,,,,,,,,,,,,,,,,,,,,,,,,,,,,,,,,,,,,,,,,,,,,,,,,,,,,,,,,,,,,,,,,,,,,,,,,,,,,,,,,,,,,,,,,,,,,,,,,,,,,,,,,,,,,,,,,,,,,,,,,,,,,,,,,,,,,,,,,,,,,,,,,,,,,,,,,,,,,,,,,,reddit
blogs,1,,1,,,,,,,,,,,,,,,1,,,,,,,,,,,,,,,,,,,,,,,,,,,,,,,,,,,,,,,,,,,,,,,,,,,,,,,,,,,,,,,,,,,,,,,,,,,,,,,,,,,,,,,,,,,,,,,,,,,,,,,,,,,,,,,,,,,,,,,,,,,,,,,,,,,,,,,,,,,,,,,,,,,,,,,,,,,,,,,,,,,,,,,,,,,,,,,,,,,,,,,,,,,,,,,,,,,,,,,,,,,,,,,,,,,,,,,,,,,,,,,,,,,,,,,,,,,,,,,,,,,,,,,,,,,,,,,,,,,,,,,,,,,,,,,,,,,,,,,,,,,,,,,,,,,,,,,,,,,,,,,,,,,,,,,,,,,,,,,,,,,,,,,,,,,,,,,,,,,,,,,,,,,,,,,,,,,,,,,,,,,,,,,,,,,,,,,,,,,,,,,,,,,,,,,,,,,,,,,,,,,,,,,,,,,,,,,,,,,,,,,,,,,,,,,,,,,,,,,,,,,,,,,,,,,,,,,,,,,,,,,,,,,,,,,,,,,,,,,,,,,,,,,,,,,,,,,,,,,,,,,,,,,,,,,,,,,,,,,,,,,,,,,,,,,,,,,,,,,,,,,,,,,,,,,,,,,,,,,,,,,,,,,,,,,,,,,,,,,,,,,,,,,,,,,,,,,,,,,,,,,,,,,,,,,,,,,,,,,,,,,,,,,,,,,,,,,,,,,,,,,,,,,,,,,,,,,,,,,,,,,,,,,,,,,,,,,,,,,,,,,,,,,,,,,,,,,,,,,,,,,,,,,,,,,,,,,,,,,,,,,,,,,,,,,,,,,,,,,,,,,,,,,,,,,,,,,,,,,,,,,,,,,,,,,,,,,,,,,,,,,,,,,,,,,,,,,,,,,,,,,,,,,,,,,,,,,,,,,,,,,,,,,,,,,,,,,,,,,,,,,,,,,,,,,,,,,,,,,,,,,,,,,,,,,,,,,,,,,,,,,,,,,,,,,,,,,,,,,,,,,,,,,,,,,,,,,,,,,,,,,,,,,,,,,,,,,,,,,,,,,,,,,,,,,,,,,,,,,,,,,,,,,,,,,,,,,,,,,,,,,,,,,,,,,,,,,,,,,,,,,,,,,,,,,,,,,,,,,,,,,,,,,,,,,,,,,,,,,,,,,,,,,,,,,,,,,,,,,,,,,,,,,,,,,,,,,,,,,,,,,,,,,,,,,,,,,,,,,,,,,,,,,,,,,,,,,,,,,,,,,,,,,,blogs
googleplus,,4,2,1,,,,,,,,,1,,,,,,,,,,,,,,,,,,,,,,,,,,,,,,,,,,,,,,,,,,,,,,,,,,,,,,,,,,,,,,,,,,,,,,,,,,,,,,,,,,,,,,,,,,,,,,,,,,,,,,,,,,,,,,,,,,,,,,,,,,,,,,,,,,,,,,,,,,,1,,,,,,,,,,,,,,,,,,,,,,,,,,,,,,,,,,,,,,,,,,,,,,,,,,,,,,,,,,,,,,,,,,,,,,,,,,,,,,,,,,,,,,,,,,,,,,,,,,,,,,,,,,,,,,,,,,,,,,,,,,,,,,,,,,,,,,,,,,,,,,,,,,,,,,,,,,,,,,,,,,,,,,,,,,,,,,,,,,,,,,,,,,,,,,,,,,,,,,,,,,,,,,,,,,,,,,,,,,,,,,,,,,,,,,,,,,,,,,,,,,,,,,,,,,,,,,,,,,,,,,,,,,,,,,,,,,,,,,,,,,,,,,,,,,,,,,,,,,,,,,,,,,,,,,,,,,,,,,,,,,,,,,,,,,,,,,,,,,,,,,,,,,,,,,,,,,,,,,,,,,,,,,,,,,,,,,,,,,,,,,,,,,,,,,,,,,,,,,,,,,,,,,,,,,,,,,,,,,,,,,,,,,,,,,,,,,,,,,,,,,,,,,,,,,,,,,,,,,,,,,,,,,,,,,,,,,,,,,,,,,,,,,,,,,,,,,,,,,,,,,,,,,,,,,,,,,,,,,,,,,,,,,,,,,,,,,,,,,,,,,,,,,,,,,,,,,,,,,,,,,,,,,,,,,,,,,,,,,,,,,,,,,,,,,,,,,,,,,,,,,,,,,,,,,,,,,,,,,,,,,,,,,,,,,,,,,,,,,,,,,,,,,,,,,,,,,,,,,,,,,,,,,,,,,,,,,,2,,,1,,,,,,,,,,,,,,,,,,,,,,,,,,,,,,,,,,,,,,,,,,,,,,,,,,,,,,,,,,,,,,,,,,,,,,,,,,,,,,,,,,,,,,,,,,,,,,,,,,,,,,,,,,,,,,,,,,,,,,,,,,,,,,,,,,,,,,,,,,,,,,,,,,,,,,1,,,,,,,,,,,,,,,,,,,,,,,,,,,,,,,,,,,,,,,,,,,,,,,,,,,,,,,,,,,,,,,,,,,,,,,,,,,,,,,,,,,,,,,,,,,,,,,,,,,,,,,,,,,,,,,,,,,,,,,,,,,,,,,,,,,,,,,,,,,,,,,,,,,,,,,,,,,,,,,,,,,,,,googleplus
wikipedia,,,,,,1,,,,,,,,,,,,,,,,,,,,,,,,,,,,,,,,,,,,,,,,,,,,,,,,,,,,,,,,,,,,,,,,,,,,,,,,,,,,,,,,,,,,,,,,,,,,,,,,,,,,,,,,,,,,,,,,,,,,,,,,,,,,,,,,,,,,,,,,,,,,,,,,,,,,,,,,,,,,,,,,,,,,,,,,,,,,,,,,,,,,,,,,,,,,,,,,,,,,,,,,,,,,,,,,,,,,,,,,,,,,,,,,,,,,,,,,,,,,,,,,,,,,,,,,,,,,,,,,,,,,,,,,,,,,,,,,,,,,,,,,,,,,,,,,,,,,,,,,,,,,,,,,,,,,,,,,,,,,,,,,,,,,,,,,,,,,,,,,,,,,,,,,,,,,,,,,,,,,,,,,,,,,,,,,,,,,,,,,,,,,,,,,,,,,,,,,,,,,,,,,,,,,,,,,,,,,,,,,,,,,,,,,,,,,,,,,,,,,,,,,,,,,,,,,,,,,,,,,,,,,,,,,,,,,,,,,,,,,,,,,,,,,,,,,,,,,,,,,,,,,,,,,,,,,,,,,,,,,,,,,,,,,,,,,,,,,,,,,,,,,,,,,,,,,,,,,,,,,,,,,,,,,,,,,,,,,,,,,,,,,,,,,,,,,,,,,,,,,,,,,,,,,,,,,,,,,,,,,,,,,,,,,,,,,,,,,,,,,,,,,,,,,,,,,,,,,,,,,,,,,,,,,,,,,,,,,,,,,,,,,,,,,,,,,,,,,,,,,,,,,,,,,,,,,,,,,,,,,,,,,,,,,,,,,,,,,,,,,,,,,,,,,,,,,,,,,,,,,,,,,,,,,,,,,,,,,,,,,,,,,,,,,,,,,,,,,,,,,,,,,,,,,,,,,,,,,,,,,,,,,,,,,,,,,,,,,,,,,,,,,,,,,,,,,,,,,,,,,,,,,,,,,,,,,,,,,,,,,,,,,,,,,,,,,,,,,,,,,,,,,,,,,,,,,,,,,,,,,,,,,,,,,,,,,,,,,,,,,,,,,,,,,,,,,,,,,,,,,,,,,,,,,,,,,,,,,,,,,,,,,,,,,,,,,,,,,,,,,,,,,,,,,,,,,,,,,,,,,,,,,,,,,,,,,,,,,,,,,,,,,,,,,,,,,,,,,,,,,,,,,,,,,,,,,,,,,,,,,,,,,,,,,,,,,,,,,,,,,,,,,,,,,,,,,,,,,,,,,,,,,,,,,,,,,,,,,,,,,,,,,wikipedia
video,,,,,,,,,,,,,,,,,,,,,,,,,,,,,,,,,,,,,,,,,,,,,,,,,,,,,,,,,,,,,,,,,,,,,,,,,,,,,,,,,,,,,,,,,,,,,,,,,,,,,,,,,,,,,,,,,,,,,,,,,,,,,,,,,,,,,,,,,,,,,,,,,,,,,,,,,,,,,,,,,,,,,,,,,,,,,,,,,,,,,,,,,,,,,,,,,,,,,,,,,,,,,,,,,,,,,,,,,,,,,,,,,,,,,,,,,,,,,,,,,,,,,,,,,,,,,,,,,,,,,,,,,,,,,,,,,,,,,,,,,,,,,,,,,,,,,,,,,,,,,,,,,,,,,,,,,,,,,,,,,,,,,,,,,,,,,,,,,,,,,,,,,,,,,,,,,,,,,,,,,,,,,,,,,,,,,,,,,,,,,,,,,,,,,,,,,,,,,,1,1,,,,,,,,,,,,,,,,,,,,,,,,,,,,,,,,,,,,,,,,,,,,,,,,,,,,,,,,,,,,,,,,,,,,,,,,,,,,,,,,,,,,,,,,,,,,,,,,,,,,,,,,,,,,,,,,,,,,,,,,,,,,,,,,,,,,,,,,,,,,,,,,,,,,,,,,,,,,,,,,,,,,,,,,,,,,,,,,,,,,,,,,,,,,,,,,,,,,,,,,,,,,,,,,,,,,,,,,,,,,,,,,,,,,,,,,,,,,,,,,,,,,,,,,,,,,,,,,,,,,,,,,,,,,,,,,,,,,,,,,,,,,,,,,,,,,,,,,,,,,,,,,,,,,,,,,,,,,,,,,,,,,,,,,,,,,,,,,,,,,,,,,,,,,,,,,,,,,,,,,,,,,,,,,,,,,,,,,,,,,,,,,,,,,,,,,,,,,,,,,,,,,,,,,,,,,,,,,,,,,,,,,,,,,,,,,,,,,,,,,,,,,,,,,,,,,,,,,,,,,,,,,,,,,,,,,,,,,,,,,,,,,,,,,,,,,,,,,,,,,,,,,,,,,,,,,,,,,,,,,,,,,,,,,,,,,,,,,,,,,,,,,,,,,,,,,,,,,,,,,,,,,,,,,,,,,,,,,,,,,,,,,,,,,,,,,,,,,,,,,,,,,,,,,,,,,,,,,,,,,,,,,,,,,,,,,,,,,,,,,,,,,,,,,,,,,,,,,,,,,,,,,,,,,,,,,,,,,,,,,,,,,,,,,,,,,,,,,,,,,,,,,,,,,,,,,,,,,,,,,,,,,,,,,,,,,,,,,,,,,,,,,,,,video
facebook,2,3,5,4,1,,,1,,,,,,,1,,1,1,,,,,,,,,,,,2,,,,,,,1,,,,,,,,,,,,,,1,,,,,,,,,,,,,,,,,,,,,,,,,,,,,,,,,,,,,,,,,,,,,,,,,,,,,,,,,,,,,,,,,,,,,,,,,,,,,,,,,,,,,,,,,,,,,,,,,,,,,1,,,,,,,,,,,,,,,,,,,,,,,,,,,,,,,,,,,,,,,,,,,,,,,,,,,,,,,,,,,,,,,,,,,,,,,,1,,,,,,,,,,1,2,1,,,,,,,,,,,,,,,,,,,,,,,,,,,,,,,,,,,,,,,,,,,,,,,,,,,,,,,,,,,,,,,,,,,,,,,,,,,,,,,,,,,,,,,,,,,,,,,,,,,,,,,,,,,,,,,,,,,,,,,,,,,,,,,,,,,,,,,,,,,,,,,,,,,,,,,,,,,,,,,,,,,,,,,,,,,,,,,,,,,,,,,,,,,,,,,,,,,,,,,,,,,,,,,,,,,,,,,,,,,,,,,,,,,,,,,,,,,,,,,,,,,,,,,,,,,,,,,,,,,,,,,,,,,,,,,,,,,,,,,,,,,,,,,,,,,,,,,,,,,,,,,,,,,,,,,,,,,,,,,,,,,,,,,,,,,,,,,,,,,,,,,,,,1,,,,,,,,,,,,,,,,,,,,,,,,,,,,,,,,,,,,,,,,,,,,,,,,,,,,,,,,,,,,,,,,,,,,,,,,,,,,,1,,,,,,,,,,,,,,,,,,,,,,,,,,,,,,,,,,,,,,,,,,,,,,,,,,,,,,,,,,,,,,,,,,,,,,,,,,,,,,,,,,,,,,,,,,,,,,,,,,,,,,,,,,,,,,,,,,,,,,,,,,,,,,,,,,,,,,,,,,,,,,,,,,,,,,,,,,,,,,,,,,,,,,,,,,,,,,,,,,,,,,,,,,,,,,,,,,,,,,,,,,,,,,,,,,,,,,,,,,,,,,,,,,,,,,,,,,,,,,,,,,,,,,,,,,,,,,,,1,,,,,,,,,,,,,,,,,,,,,,,,,,,,,,,,,,,,,,,,,,,,,,,,1,,,,,,,,,,,,,,,,,,,,,,,,,,,,,,,,,,,,,,,,,,,,,,,,,,,,,,,,,,,,,,,,,,,,,,,,,,,,,,,,,,,,,,,,,,,,,,,,,,,,,,,,,,,,,,,,,,,,,,,,,,,,,,,,,,,,,,,,,,,,,,,,,,,,,,,,,,,,,,,,,,,,,,,,,,,,,,,,,,,,,,,facebook
news,4,4,1,,,,,,,,,,,,,,,,,,,,,,,,,,,,,,,,,,,,,,,,,,,,,,,,,,,,,,,,,,,,,,,,,,,,,,,,,,,,,,,,,,,,,,,,,,,,,,,,,,,,,,,,,,,,,,,,,,,,,,,,,,,,,,,,,,,,,,,,,,,,,,,,,,,,,,,,,,,,,,,,,,,,,,,,,,,,,,,,,,,,,,,,,,,,,,,,,,,,,,,,,,,,,,,,,,,,,,,,,,,,,,,,,,,,,,,,,,,,,,,,,,,,,,,,,,,,,,,,,,,,,,,,,,,,,,,,,,,,,,,,,,,,,,,,,,,,,,,,,,,,,,,,,,,,,,,,,,,,,,,,,,,,,,,,,,,,,,,,,,,,,,,,,,,,,,,,,,,,,,,,,,,,,,,,,,,,,,,,,,,,,,,,,,,,,,,,,,,,,,,,,,,,,,,,,,,,,,,,,,,,,,,,,,,,,,,,,,,,,,,,,,,,,,,,,,,,,,,,,,,,,,,,,,,,,,,,,,,,,,,,,,,,,,,,,,,,,,,,,,,,,,,,,,,,,,,,,,,,,,,,,,,,,,,,,,,,,,,,,,,,,,,,,,,,,,,,,,,,,,,,,,,,,,,,,,,,,,,,,,,,,,,,,,,,,,,,,,,,,,,,,,,,,,,,,,,,,,,,,,,,,,,,,,,,,,,,,,,,,,,,,,,,,,,,,,,,,,,,,,,,,,,,,,,,,,,,,,,,,,,,,,,,,,,,,,,,,,,,,,,,,,,,,,,,,,,,,,,,,,,,,,,,,,,,,,,,,,,,,,,,,,,,,,,,,,,,,,,,,,,,,,,,,,,,,,,,,,,,,,,,,,,,,,,,,,,,,,,,,,,,,,,,,,,,,,,,,,,,,,,,,,,,,,,,,,,,,,,,,,,,,,,,,,,,,,,,,,,,,,,,,,,,,,,,,,,,,,,,,,,,,,,,,,,,,,,,,,,,,,,,,,,,,,,,,,,,,,,,,,,,,,,,,,,,,,,,,,,,,,,,,,,,,,,,,,,,,,,,,,,,,,,,,,,,,,,,,,,,,,,,,,,,,,,,,,,,,,,,,,,,,,,,,,,,,,,,,,,,,,,,,,,,,,,,,,,,,,,,,,,,,,,,,,,,,,,,,,,,,,,,,,,,,,,,,,,,,,,,,,,,,,,,,,,,,,,,,,,,,,,,,,,,,,,,,,,,,,,,,,,,,,,,,,,,,,,,,,,,,,,,,,,news
twitter,11,21,7,3,2,1,3,1,,,,1,1,1,,1,1,,1,,,,,,,,,,,2,,,,,,,1,,1,,,1,,,,,,,,,,,1,,,,,,,,,,,,,,,,,,,,1,,,,,,,,,,,,,,,,,,,,,,,,,,,,,,,,,,,,1,1,,,,,,,1,1,,,,,,,,,,,,,,,,,,,,,,,,,,,,,,,,,,,,,,,,,,,,,,,,,,,,,,,,,,,,,,,,,,,,,,,,,,,,,,,,,,,,,,,1,,,,,,,,,,,,,,,,,,,,,,,,,,,,,1,,,,,,1,,,,,,,,,1,,,,,,,,,,1,,,,,,,,,,,,,,,,,,,,,,,,,,,,,,,,,,,,,,,,,,,,,,,,,,,,,,,,,,,,,,,,,,,,,,,,,,,,,,,,,,,,1,,,,,,,,,,,,,,,,,,,,,,,,,,,,,,,,,,,,,,,,,,,,,,,,,,,,,,,,,,,,,,,,,,,,,,,,,,,,,,,,,,,,,,,,,,,,,,,,,,,,,,,,,,,,,,,,,,,,,,,,,,,,,,,,,,,,,,,,,,,,,,,,,,,,,,,,,,,,,,,,,,,,,,,,,,,,,,,,,,,,,,,,,,,,,,,,,,,,,,,,,,,,,,,,,,,,,,,,,,,,,,,,,,,,,,,,,,,,,,,,,,,,,,,,,,,,,,,,,,,,,,,,,,,,,,,,,,,,,,,,,,,,,,,,,,,,,,,,,,,,,,,,,,,,,,,,,,,,,,,,,,,,,,,,,,,,,,,,,,,,,,,,,2,,,,,,,,1,,,,,,,,,,,,,,,,,,,,,,,,,,,,,,,,,,,,,,,,,,,,,,,,,,,,,,,,,,,,,,,,,,,,,,,,,,,,,,,,,,,,,,,,,,,,,,,,,,,,,,,,,,,,,,,,,,,,,,,,,,,,,,,,,,,,,,,,,,,1,,,,,,,,,,,,,,,,,,,,,,,,,11,,1,,2,,1,,,,,,,,,,,,,,,,,,,,,,,,,,,,,,,,,,,,,,,,,,,,,,,,,,,,,,,,,,,,,,,,,,,,,,,,,,,,,,,,,,,,,,,,,,,,,,,,,,,,,,,,,,,,,,,,,,,,,,1,,,,,,,,,,,,,,,,,,,,,,,,,,,,,,,,,,,,,,,,,,,,,,,,,,,,,,,,,,,,,,,,,,,,,,,,,,,,,,,,,,,,,,,,,,,,,,,,,,,,,,,,,,,,,,,,,,,,,,,,,,,,,,,,,,,,,,,,,,,,,,,,,,,,,,,,,,,,,,,,,,twitter
